anonymous_id,asset_id,aliases,asset,sha256,source,visual_screening,movement_gate,safety_gate,mobile_gate,disposition,note
A01,ankle-seated-soleus-raise,,public/exercise-visuals/movements/ankle-seated-soleus-raise.png,2207a88e7ff723de0a4494c5b00213e9d18518fca9b6066170bc6fb43ad88385,"scripts/assets/movement-art-sources/manual-workout-library-line-art-v2.png cell (3,6)",PASS (screening only),NOT VERIFIED,NOT VERIFIED,NOT VERIFIED,PENDING,No obvious contradiction in contact-sheet screening; detailed accuracy remains unverified.
A02,shoulder-neck-band-row-low,,public/exercise-visuals/movements/shoulder-neck-band-row-low.png,65b0eeaa3cd3a62cdf1e66655536d712d950bf9884785b055fc8abdda96d53f8,"scripts/assets/movement-art-sources/manual-workout-library-line-art-v2.png cell (4,3)",PASS (screening only),NOT VERIFIED,NOT VERIFIED,NOT VERIFIED,PENDING,Floor/foot band anchor appears lower than chest-height written anchor.
A03,shoulder-external-rotation-band,,public/exercise-visuals/movements/shoulder-external-rotation-band.png,325a80ebf274ad2f7e5fc60d861796db9dcbc7fd97c46b06a1536cdb9211d0e1,"scripts/assets/movement-art-sources/manual-workout-library-line-art-v2.png cell (2,0)",PASS (screening only),FAIL,NOT VERIFIED,NOT VERIFIED,EDIT,F4: start elbow hangs straight; band/towel absent.
A04,glute-bridge,,public/exercise-visuals/movements/glute-bridge.png,5fd8def7472951d16573ad0b07be4992fcd9d48593a970925ebb357d41637ed7,scripts/assets/movement-art-sources/overrides/glute-bridge.png,FAIL,NOT VERIFIED,NOT VERIFIED,NOT VERIFIED,EDIT,"F8: thicker contour than floor controls; movement appears plausible, not clinically approved."
A05,ankle-band-inversion-eversion,,public/exercise-visuals/movements/ankle-band-inversion-eversion.png,e14ff729cc9116f858d4bbd6b038706b2d1824086f24935f0539ae04e89c2172,"scripts/assets/movement-art-sources/manual-workout-library-line-art-v2.png cell (3,5)",PASS (screening only),FAIL,NOT VERIFIED,NOT VERIFIED,EDIT,F5: chair replaces floor legs-extended setup; ankle direction unclear.
A06,upper-trap-stretch,,public/exercise-visuals/movements/upper-trap-stretch.png,199e944e5223165b91b31783d5553b046b8759fbeb1b4e47be69a805532d1c31,"scripts/assets/movement-art-sources/manual-workout-library-line-art-v2.png cell (3,2)",PASS (screening only),NOT VERIFIED,NOT VERIFIED,NOT VERIFIED,PENDING,No obvious contradiction in contact-sheet screening; detailed accuracy remains unverified.
A07,shoulder-flexion,,public/exercise-visuals/movements/shoulder-flexion.png,746de37b2797f2c41de8c2cf373085c35717a5afa8649818ce78ee241bf53563,"scripts/assets/movement-art-sources/manual-workout-library-line-art-v2.png cell (0,0)",PASS (screening only),FAIL,NOT VERIFIED,NOT VERIFIED,EDIT,F2: overhead finish exceeds shoulder-height steps.
A08,knee-straight-leg-raise,,public/exercise-visuals/movements/knee-straight-leg-raise.png,68a0eaf2a61159f0afadf2936ca86668537506fe432bd5b4b6c304f80fe88ebd,"scripts/assets/movement-art-sources/manual-workout-library-line-art-v2.png cell (2,4)",PASS (screening only),FAIL,NOT VERIFIED,NOT VERIFIED,EDIT,F7: resting knee straight rather than bent in start.
A09,hip-clamshell,,public/exercise-visuals/movements/hip-clamshell.png,d9efea75afe3aebc27d44d2f4d0d2773b0415be4a80fcbf4dff49a95c7256c92,"scripts/assets/movement-art-sources/manual-workout-library-line-art-v2.png cell (3,1)",PASS (screening only),NOT VERIFIED,NOT VERIFIED,NOT VERIFIED,PENDING,No obvious contradiction in contact-sheet screening; detailed accuracy remains unverified.
A10,pullUp,catalog-pull-up,public/exercise-visuals/movements/pullUp.png,7e9b20e6242f19b0622488a283bcc6b91063ecaf07ab9198f94b70c527627be6,"scripts/assets/movement-art-sources/manual-workout-quick-line-art-v2.png cell (3,0)",PASS (screening only),NOT VERIFIED,NOT VERIFIED,NOT VERIFIED,PENDING,No obvious contradiction in contact-sheet screening; detailed accuracy remains unverified.
A11,shoulder-neck-thoracic-extension-chair,,public/exercise-visuals/movements/shoulder-neck-thoracic-extension-chair.png,05d89dd150c693c8659ba71fa3fdc47406c35f1134aca5fb499cfd914f755be8,"scripts/assets/movement-art-sources/manual-workout-library-line-art-v2.png cell (3,3)",PASS (screening only),FAIL,NOT VERIFIED,NOT VERIFIED,EDIT,F6: hands behind/on head replace crossed-on-chest setup.
A12,squat,catalog-squat,public/exercise-visuals/movements/squat.png,5cb17d7496ec2763a3339f199bb7c9f44d2d79a896f866c26c8a2885270064ce,"scripts/assets/movement-art-sources/manual-workout-quick-line-art-v2.png cell (2,0)",PASS (screening only),FAIL,NOT VERIFIED,NOT VERIFIED,EDIT,F1: chair squat alias has barbell and no chair.
A13,ankle-gastrocnemius-stretch,,public/exercise-visuals/movements/ankle-gastrocnemius-stretch.png,f52e00908e5254644be1159dc0cd943a36ed8b33118136d31bdfe6763d3aeadf,"scripts/assets/movement-art-sources/manual-workout-library-line-art-v2.png cell (1,6)",PASS (screening only),NOT VERIFIED,NOT VERIFIED,NOT VERIFIED,PENDING,No obvious contradiction in contact-sheet screening; detailed accuracy remains unverified.
A14,shoulder-neck-chin-tuck,,public/exercise-visuals/movements/shoulder-neck-chin-tuck.png,5008b1918722a1265cad4b37a1095f49eebfb85ff73f9826d39abd0b3bd95fae,"scripts/assets/movement-art-sources/manual-workout-library-line-art-v2.png cell (1,2)",PASS (screening only),NOT VERIFIED,NOT VERIFIED,NOT VERIFIED,PENDING,No obvious contradiction in contact-sheet screening; detailed accuracy remains unverified.
A15,ankle-single-leg-stand,,public/exercise-visuals/movements/ankle-single-leg-stand.png,b053bb2cf45ce8b9a342f98511ae053732080e32d408e486908332782bb94a3d,"scripts/assets/movement-art-sources/manual-workout-library-line-art-v2.png cell (4,5)",PASS (screening only),NOT VERIFIED,NOT VERIFIED,NOT VERIFIED,PENDING,F9: chair visible; support-hand contact not clear.
A16,knee-rice-care,,public/exercise-visuals/movements/knee-rice-care.png,d95b7514dfc0cbe36df701528ad7cd01ba6016e2a3c3fd7e5ce1560493db9eed,"scripts/assets/movement-art-sources/manual-workout-library-line-art-v2.png cell (1,4)",PASS (screening only),NOT VERIFIED,NOT VERIFIED,NOT VERIFIED,PENDING,Rest/ice illustration is not a motion pair; confirm elevation and wrapped-ice representation.
A17,neck-rotation-stretch,,public/exercise-visuals/movements/neck-rotation-stretch.png,b47569c66b7d6f010375b6f79616d129d73df8d737a74c0042ee693ca1d8e78b,scripts/assets/movement-art-sources/overrides/neck-rotation-stretch.png,PASS (screening only),NOT VERIFIED,NOT VERIFIED,NOT VERIFIED,PENDING,Upper-torso framing allowed; named review should confirm seated setup and phase order.
A18,shoulder-neck-serratus-wall-push,,public/exercise-visuals/movements/shoulder-neck-serratus-wall-push.png,57698e61406acf707dd946c9aa83a0a85a70cedbe2706fb974c95b06b6faa1f0,"scripts/assets/movement-art-sources/manual-workout-library-line-art-v2.png cell (0,4)",PASS (screening only),NOT VERIFIED,NOT VERIFIED,NOT VERIFIED,PENDING,No obvious contradiction in contact-sheet screening; detailed accuracy remains unverified.
A19,shoulder-standing-arm-swings,,public/exercise-visuals/movements/shoulder-standing-arm-swings.png,1af6535e020d123fa924a1b74c13cc6596a584b432a6c763e5e0997e14a36241,"scripts/assets/movement-art-sources/manual-workout-library-line-art-v2.png cell (3,0)",PASS (screening only),NOT VERIFIED,NOT VERIFIED,NOT VERIFIED,PENDING,No obvious contradiction in contact-sheet screening; detailed accuracy remains unverified.
A20,dip,catalog-dip,public/exercise-visuals/movements/dip.png,d1fd5669361207b355c974efcdaa7e4340a12fcdc60b22823315e80394b1f931,"scripts/assets/movement-art-sources/manual-workout-quick-line-art-v2.png cell (0,1)",PASS (screening only),NOT VERIFIED,NOT VERIFIED,NOT VERIFIED,PENDING,No obvious contradiction in contact-sheet screening; detailed accuracy remains unverified.
A21,benchPress,catalog-bench-press,public/exercise-visuals/movements/benchPress.png,3412e6a3be607b8c561d861fd00cbe48b07ec94084ff92cdcc421bf0dff1008a,"scripts/assets/movement-art-sources/manual-workout-quick-line-art-v2.png cell (0,0)",PASS (screening only),FAIL,NOT VERIFIED,NOT VERIFIED,EDIT,F1: alias says dumbbells; art uses barbell.
A22,knee-hamstring-curl,,public/exercise-visuals/movements/knee-hamstring-curl.png,858631f0cc54e8a139c18d19e1c99ee4f96593ba628fa211410c8a10cb9a5051,"scripts/assets/movement-art-sources/manual-workout-library-line-art-v2.png cell (4,4)",PASS (screening only),NOT VERIFIED,NOT VERIFIED,NOT VERIFIED,PENDING,No obvious contradiction in contact-sheet screening; detailed accuracy remains unverified.
A23,shoulder-internal-rotation-band,,public/exercise-visuals/movements/shoulder-internal-rotation-band.png,630023c28c574f2aa9c27a1ca0ebde6f318b99371fce5bf954b7c43c7ab9cfc8,"scripts/assets/movement-art-sources/manual-workout-library-line-art-v2.png cell (4,0)",PASS (screening only),FAIL,NOT VERIFIED,NOT VERIFIED,EDIT,F4: start elbow hangs straight; resistance absent in start.
A24,pec-doorway-stretch,,public/exercise-visuals/movements/pec-doorway-stretch.png,a50bd2bef7ba6ebf330f9934fca8c200668e8d3d537dd56bd38db7bc7a379307,"scripts/assets/movement-art-sources/manual-workout-library-line-art-v2.png cell (4,2)",PASS (screening only),NOT VERIFIED,NOT VERIFIED,NOT VERIFIED,PENDING,No obvious contradiction in contact-sheet screening; detailed accuracy remains unverified.
A25,knee-wall-squat,,public/exercise-visuals/movements/knee-wall-squat.png,45de60a0bd7b0ffe7b80513202336fc453edf404ec3f042a6edfb7c231e03d75,"scripts/assets/movement-art-sources/manual-workout-library-line-art-v2.png cell (3,4)",PASS (screening only),NOT VERIFIED,NOT VERIFIED,NOT VERIFIED,PENDING,No obvious contradiction in contact-sheet screening; detailed accuracy remains unverified.
A26,hip-flexion-seated,,public/exercise-visuals/movements/hip-flexion-seated.png,3faf1c477e652804e6d9d4a4522037154d819707c41760712f838e6ea9e54353,"scripts/assets/movement-art-sources/manual-workout-library-line-art-v2.png cell (0,1)",PASS (screening only),NOT VERIFIED,NOT VERIFIED,NOT VERIFIED,PENDING,No obvious contradiction in contact-sheet screening; detailed accuracy remains unverified.
A27,neck-isometric,,public/exercise-visuals/movements/neck-isometric.png,1729b4f50962e315779d100ff7038e2889e5f43cd5e70ee360d379a577b6ee2d,"scripts/assets/movement-art-sources/manual-workout-library-line-art-v2.png cell (2,2)",PASS (screening only),NOT VERIFIED,NOT VERIFIED,NOT VERIFIED,PENDING,Opposite-hand poses may represent sides; do not demand motion in an isometric.
A28,hip-abduction,,public/exercise-visuals/movements/hip-abduction.png,2f8f73884f93289810384c1455ec0cfdcb09d292e6e568529a57c0e2d2e6a829,"scripts/assets/movement-art-sources/manual-workout-library-line-art-v2.png cell (1,1)",PASS (screening only),NOT VERIFIED,NOT VERIFIED,NOT VERIFIED,PENDING,No obvious contradiction in contact-sheet screening; detailed accuracy remains unverified.
A29,neck-heat-relax,,public/exercise-visuals/movements/neck-heat-relax.png,02e64087f12de69251ccd61edd7b9d1c6ee397cac79ceaff1a16830b5938a0ba,"scripts/assets/movement-art-sources/manual-workout-library-line-art-v2.png cell (0,3)",PASS (screening only),NOT VERIFIED,NOT VERIFIED,NOT VERIFIED,PENDING,"Static positioning; confirm towel/heat location, no invented movement."
A30,ankle-calf-raise,,public/exercise-visuals/movements/ankle-calf-raise.png,3488738d933ad3ccefb2ff558cf0ee72157c75f5554235a91a96de4eea19e1a3,"scripts/assets/movement-art-sources/manual-workout-library-line-art-v2.png cell (0,6)",PASS (screening only),NOT VERIFIED,NOT VERIFIED,NOT VERIFIED,PENDING,No obvious contradiction in contact-sheet screening; detailed accuracy remains unverified.
A31,ankle-single-leg-reach,,public/exercise-visuals/movements/ankle-single-leg-reach.png,722ffca2f60714b5d1ff045d98c214fa1f753c209d75c50669df3f52289217ea,"scripts/assets/movement-art-sources/manual-workout-library-line-art-v2.png cell (4,6)",PASS (screening only),NOT VERIFIED,NOT VERIFIED,NOT VERIFIED,PENDING,F9: chair visible; confirm supported default against cautions.
A32,ankle-soleus-stretch,,public/exercise-visuals/movements/ankle-soleus-stretch.png,560797e8b6a6f54969fa9940971cf029388c71427e46062f8e8b6ffb87293d0f,"scripts/assets/movement-art-sources/manual-workout-library-line-art-v2.png cell (2,6)",PASS (screening only),NOT VERIFIED,NOT VERIFIED,NOT VERIFIED,PENDING,No obvious contradiction in contact-sheet screening; detailed accuracy remains unverified.
A33,legExtension,catalog-leg-extension,public/exercise-visuals/movements/legExtension.png,0e6759a9db4d34b0036289399e1b035cdbef34b734722760fa56df84783e954b,"scripts/assets/movement-art-sources/manual-workout-quick-line-art-v2.png cell (3,1)",PASS (screening only),FAIL,NOT VERIFIED,NOT VERIFIED,EDIT,F1: single-side chair extension alias uses bilateral machine art.
A34,latPulldown,catalog-lat-pulldown,public/exercise-visuals/movements/latPulldown.png,70428db979bbba43c8fc28dc2fd88935842f40940fa079995ed0b69ba50e88c0,"scripts/assets/movement-art-sources/manual-workout-quick-line-art-v2.png cell (1,1)",PASS (screening only),FAIL,NOT VERIFIED,NOT VERIFIED,EDIT,F1: band alias uses cable-machine art.
A35,shoulderPress,catalog-shoulder-press,public/exercise-visuals/movements/shoulderPress.png,ea121e2bf5b16c54a6791cbf44abcd08f9b6ecf2d1f0065861d0e972058cc9aa,"scripts/assets/movement-art-sources/manual-workout-quick-line-art-v2.png cell (1,0)",PASS (screening only),FAIL,NOT VERIFIED,NOT VERIFIED,EDIT,F1: seated dumbbell alias uses standing barbell art.
A36,knee-calf-raise,,public/exercise-visuals/movements/knee-calf-raise.png,aea3c2471f6b4cac44cf2addb42fde47096672fbba38b41e068c29d46943136a,"scripts/assets/movement-art-sources/manual-workout-library-line-art-v2.png cell (0,5)",PASS (screening only),NOT VERIFIED,NOT VERIFIED,NOT VERIFIED,PENDING,No obvious contradiction in contact-sheet screening; detailed accuracy remains unverified.
A37,ankle-alphabet,,public/exercise-visuals/movements/ankle-alphabet.png,ed2985e1365f60701f9590e0befe790b3b3567b458d3dff21d27e426c3849916,"scripts/assets/movement-art-sources/manual-workout-library-line-art-v2.png cell (2,5)",PASS (screening only),NOT VERIFIED,NOT VERIFIED,NOT VERIFIED,PENDING,No obvious contradiction in contact-sheet screening; detailed accuracy remains unverified.
A38,seatedRow,catalog-seated-row,public/exercise-visuals/movements/seatedRow.png,03dcef97b490925a8ae684c4fbd22d595f47cd4aa6726922b63ce57148885565,"scripts/assets/movement-art-sources/manual-workout-quick-line-art-v2.png cell (2,1)",PASS (screening only),FAIL,NOT VERIFIED,NOT VERIFIED,EDIT,F1: band alias uses cable-machine art.
A39,shoulder-scapular-squeeze,,public/exercise-visuals/movements/shoulder-scapular-squeeze.png,4634cd8235cead672d7d1ccca2a78c74d87de0fdff2e2f884249880fbf7c5776,"scripts/assets/movement-art-sources/manual-workout-library-line-art-v2.png cell (1,0)",PASS (screening only),FAIL,NOT VERIFIED,NOT VERIFIED,EDIT,F3: standing arm movement replaces seated hands-on-thighs squeeze.
A40,neck-wall-posture,,public/exercise-visuals/movements/neck-wall-posture.png,43609c07e0fed889b766af023a014effef93f88c750be7fb02fb8d0056e306ad,"scripts/assets/movement-art-sources/manual-workout-library-line-art-v2.png cell (2,3)",PASS (screening only),NOT VERIFIED,NOT VERIFIED,NOT VERIFIED,PENDING,No obvious contradiction in contact-sheet screening; detailed accuracy remains unverified.
A41,shoulder-wall-slide,,public/exercise-visuals/movements/shoulder-wall-slide.png,48e420a8674a42b30b08adae019279fe346be9a58247c870b537ec4a47ea0d58,"scripts/assets/movement-art-sources/manual-workout-library-line-art-v2.png cell (0,2)",PASS (screening only),NOT VERIFIED,NOT VERIFIED,NOT VERIFIED,PENDING,No obvious contradiction in contact-sheet screening; detailed accuracy remains unverified.
A42,ankle-circles,,public/exercise-visuals/movements/ankle-circles.png,aef5092688c4cfd9595d114ab12a74484cbf2213975ee7bede15f569770c4c77,"scripts/assets/movement-art-sources/manual-workout-library-line-art-v2.png cell (1,5)",PASS (screening only),NOT VERIFIED,NOT VERIFIED,NOT VERIFIED,PENDING,No obvious contradiction in contact-sheet screening; detailed accuracy remains unverified.
A43,hip-sit-to-stand,,public/exercise-visuals/movements/hip-sit-to-stand.png,4cd39a9730ae8d8b2b14a5174dc84d531e3bdd1d8ac85d15b564298481837092,"scripts/assets/movement-art-sources/manual-workout-library-line-art-v2.png cell (4,1)",PASS (screening only),NOT VERIFIED,NOT VERIFIED,NOT VERIFIED,PENDING,No obvious contradiction in contact-sheet screening; detailed accuracy remains unverified.
