anonymous_id,reviewer,role,timestamp,cohort_guess,confidence,style_difference,result
A01,,,,,,,PENDING
A02,,,,,,,PENDING
A03,,,,,,,PENDING
A04,,,,,,,PENDING
A05,,,,,,,PENDING
A06,,,,,,,PENDING
A07,,,,,,,PENDING
A08,,,,,,,PENDING
A09,,,,,,,PENDING
A10,,,,,,,PENDING
A11,,,,,,,PENDING
A12,,,,,,,PENDING
A13,,,,,,,PENDING
A14,,,,,,,PENDING
A15,,,,,,,PENDING
A16,,,,,,,PENDING
A17,,,,,,,PENDING
A18,,,,,,,PENDING
A19,,,,,,,PENDING
A20,,,,,,,PENDING
A21,,,,,,,PENDING
A22,,,,,,,PENDING
A23,,,,,,,PENDING
A24,,,,,,,PENDING
A25,,,,,,,PENDING
A26,,,,,,,PENDING
A27,,,,,,,PENDING
A28,,,,,,,PENDING
A29,,,,,,,PENDING
A30,,,,,,,PENDING
A31,,,,,,,PENDING
A32,,,,,,,PENDING
A33,,,,,,,PENDING
A34,,,,,,,PENDING
A35,,,,,,,PENDING
A36,,,,,,,PENDING
A37,,,,,,,PENDING
A38,,,,,,,PENDING
A39,,,,,,,PENDING
A40,,,,,,,PENDING
A41,,,,,,,PENDING
A42,,,,,,,PENDING
A43,,,,,,,PENDING
