id,runtime_path,sha256,changed_from_main,source
benchPress,public/exercise-visuals/movements/benchPress.png,3412e6a3be607b8c561d861fd00cbe48b07ec94084ff92cdcc421bf0dff1008a,False,manual-workout-quick-line-art-v2.png
shoulderPress,public/exercise-visuals/movements/shoulderPress.png,ea121e2bf5b16c54a6791cbf44abcd08f9b6ecf2d1f0065861d0e972058cc9aa,False,manual-workout-quick-line-art-v2.png
squat,public/exercise-visuals/movements/squat.png,5cb17d7496ec2763a3339f199bb7c9f44d2d79a896f866c26c8a2885270064ce,False,manual-workout-quick-line-art-v2.png
pullUp,public/exercise-visuals/movements/pullUp.png,7e9b20e6242f19b0622488a283bcc6b91063ecaf07ab9198f94b70c527627be6,False,manual-workout-quick-line-art-v2.png
dip,public/exercise-visuals/movements/dip.png,d1fd5669361207b355c974efcdaa7e4340a12fcdc60b22823315e80394b1f931,False,manual-workout-quick-line-art-v2.png
latPulldown,public/exercise-visuals/movements/latPulldown.png,70428db979bbba43c8fc28dc2fd88935842f40940fa079995ed0b69ba50e88c0,False,manual-workout-quick-line-art-v2.png
seatedRow,public/exercise-visuals/movements/seatedRow.png,03dcef97b490925a8ae684c4fbd22d595f47cd4aa6726922b63ce57148885565,False,manual-workout-quick-line-art-v2.png
legExtension,public/exercise-visuals/movements/legExtension.png,0e6759a9db4d34b0036289399e1b035cdbef34b734722760fa56df84783e954b,False,manual-workout-quick-line-art-v2.png
shoulder-flexion,public/exercise-visuals/movements/shoulder-flexion.png,755821bd6173ae82e30dafa91f0a5323c400d1191afea055fdb94df189061ac6,True,overrides/audit-v3/shoulder-flexion.png
shoulder-scapular-squeeze,public/exercise-visuals/movements/shoulder-scapular-squeeze.png,ffb17ff8b2302e51b9be64571f94a9852ec0b99efdef89ee222d1e76911a2f2b,True,overrides/audit-v3/shoulder-scapular-squeeze.png
shoulder-external-rotation-band,public/exercise-visuals/movements/shoulder-external-rotation-band.png,96ba01930d681f24e93369b575e02a949968b405126054ade39865140e811a9d,True,overrides/audit-v3/shoulder-external-rotation-band.png
shoulder-standing-arm-swings,public/exercise-visuals/movements/shoulder-standing-arm-swings.png,1af6535e020d123fa924a1b74c13cc6596a584b432a6c763e5e0997e14a36241,False,manual-workout-library-line-art-v2.png
shoulder-internal-rotation-band,public/exercise-visuals/movements/shoulder-internal-rotation-band.png,0212b9dc50b3cd841e338e2ae412edc22aba46d9f9d3a7f77ffb7b93e6d2b350,True,overrides/audit-v3/shoulder-internal-rotation-band.png
hip-flexion-seated,public/exercise-visuals/movements/hip-flexion-seated.png,3faf1c477e652804e6d9d4a4522037154d819707c41760712f838e6ea9e54353,False,manual-workout-library-line-art-v2.png
hip-abduction,public/exercise-visuals/movements/hip-abduction.png,2f8f73884f93289810384c1455ec0cfdcb09d292e6e568529a57c0e2d2e6a829,False,manual-workout-library-line-art-v2.png
glute-bridge,public/exercise-visuals/movements/glute-bridge.png,20f2b40500f27d4f3c2f6195046c6dce2cc8b9ed0d39c937aa980567ec2477ff,True,overrides/phone-v4/glute-bridge.png
hip-clamshell,public/exercise-visuals/movements/hip-clamshell.png,94d0ba46dc48fd437ea7038804186d5820d6353d02f85339f2e48a2b7ee753bf,True,overrides/phone-v4/hip-clamshell.png
hip-sit-to-stand,public/exercise-visuals/movements/hip-sit-to-stand.png,4cd39a9730ae8d8b2b14a5174dc84d531e3bdd1d8ac85d15b564298481837092,False,manual-workout-library-line-art-v2.png
shoulder-wall-slide,public/exercise-visuals/movements/shoulder-wall-slide.png,48e420a8674a42b30b08adae019279fe346be9a58247c870b537ec4a47ea0d58,False,manual-workout-library-line-art-v2.png
shoulder-neck-chin-tuck,public/exercise-visuals/movements/shoulder-neck-chin-tuck.png,5008b1918722a1265cad4b37a1095f49eebfb85ff73f9826d39abd0b3bd95fae,False,manual-workout-library-line-art-v2.png
neck-isometric,public/exercise-visuals/movements/neck-isometric.png,1729b4f50962e315779d100ff7038e2889e5f43cd5e70ee360d379a577b6ee2d,False,manual-workout-library-line-art-v2.png
upper-trap-stretch,public/exercise-visuals/movements/upper-trap-stretch.png,199e944e5223165b91b31783d5553b046b8759fbeb1b4e47be69a805532d1c31,False,manual-workout-library-line-art-v2.png
pec-doorway-stretch,public/exercise-visuals/movements/pec-doorway-stretch.png,a50bd2bef7ba6ebf330f9934fca8c200668e8d3d537dd56bd38db7bc7a379307,False,manual-workout-library-line-art-v2.png
neck-heat-relax,public/exercise-visuals/movements/neck-heat-relax.png,02e64087f12de69251ccd61edd7b9d1c6ee397cac79ceaff1a16830b5938a0ba,False,manual-workout-library-line-art-v2.png
neck-rotation-stretch,public/exercise-visuals/movements/neck-rotation-stretch.png,b47569c66b7d6f010375b6f79616d129d73df8d737a74c0042ee693ca1d8e78b,False,manual-workout-library-line-art-v2.png
neck-wall-posture,public/exercise-visuals/movements/neck-wall-posture.png,43609c07e0fed889b766af023a014effef93f88c750be7fb02fb8d0056e306ad,False,manual-workout-library-line-art-v2.png
shoulder-neck-thoracic-extension-chair,public/exercise-visuals/movements/shoulder-neck-thoracic-extension-chair.png,f12f92b80b38438f4edde9b0d33d750137c3edcc78d802c14a772085c12f8ed2,True,overrides/audit-v3/shoulder-neck-thoracic-extension-chair.png
shoulder-neck-band-row-low,public/exercise-visuals/movements/shoulder-neck-band-row-low.png,65b0eeaa3cd3a62cdf1e66655536d712d950bf9884785b055fc8abdda96d53f8,False,manual-workout-library-line-art-v2.png
shoulder-neck-serratus-wall-push,public/exercise-visuals/movements/shoulder-neck-serratus-wall-push.png,57698e61406acf707dd946c9aa83a0a85a70cedbe2706fb974c95b06b6faa1f0,False,manual-workout-library-line-art-v2.png
knee-rice-care,public/exercise-visuals/movements/knee-rice-care.png,d95b7514dfc0cbe36df701528ad7cd01ba6016e2a3c3fd7e5ce1560493db9eed,False,manual-workout-library-line-art-v2.png
knee-straight-leg-raise,public/exercise-visuals/movements/knee-straight-leg-raise.png,9f6340ff1fb8aa5676a7a6636ed9317a240c7311389347a1e3ea657b299d2240,True,overrides/audit-v3/knee-straight-leg-raise.png
knee-wall-squat,public/exercise-visuals/movements/knee-wall-squat.png,45de60a0bd7b0ffe7b80513202336fc453edf404ec3f042a6edfb7c231e03d75,False,manual-workout-library-line-art-v2.png
knee-hamstring-curl,public/exercise-visuals/movements/knee-hamstring-curl.png,858631f0cc54e8a139c18d19e1c99ee4f96593ba628fa211410c8a10cb9a5051,False,manual-workout-library-line-art-v2.png
knee-calf-raise,public/exercise-visuals/movements/knee-calf-raise.png,aea3c2471f6b4cac44cf2addb42fde47096672fbba38b41e068c29d46943136a,False,manual-workout-library-line-art-v2.png
ankle-circles,public/exercise-visuals/movements/ankle-circles.png,aef5092688c4cfd9595d114ab12a74484cbf2213975ee7bede15f569770c4c77,False,manual-workout-library-line-art-v2.png
ankle-alphabet,public/exercise-visuals/movements/ankle-alphabet.png,ed2985e1365f60701f9590e0befe790b3b3567b458d3dff21d27e426c3849916,False,manual-workout-library-line-art-v2.png
ankle-band-inversion-eversion,public/exercise-visuals/movements/ankle-band-inversion-eversion.png,2897128676bb6033d4f7c93150e03c5ef44619807262592a536a3719b00185b1,True,overrides/audit-v3/ankle-band-inversion-eversion.png
ankle-single-leg-stand,public/exercise-visuals/movements/ankle-single-leg-stand.png,b053bb2cf45ce8b9a342f98511ae053732080e32d408e486908332782bb94a3d,False,manual-workout-library-line-art-v2.png
ankle-calf-raise,public/exercise-visuals/movements/ankle-calf-raise.png,3488738d933ad3ccefb2ff558cf0ee72157c75f5554235a91a96de4eea19e1a3,False,manual-workout-library-line-art-v2.png
ankle-gastrocnemius-stretch,public/exercise-visuals/movements/ankle-gastrocnemius-stretch.png,f52e00908e5254644be1159dc0cd943a36ed8b33118136d31bdfe6763d3aeadf,False,manual-workout-library-line-art-v2.png
ankle-soleus-stretch,public/exercise-visuals/movements/ankle-soleus-stretch.png,560797e8b6a6f54969fa9940971cf029388c71427e46062f8e8b6ffb87293d0f,False,manual-workout-library-line-art-v2.png
ankle-seated-soleus-raise,public/exercise-visuals/movements/ankle-seated-soleus-raise.png,2207a88e7ff723de0a4494c5b00213e9d18518fca9b6066170bc6fb43ad88385,False,manual-workout-library-line-art-v2.png
ankle-single-leg-reach,public/exercise-visuals/movements/ankle-single-leg-reach.png,722ffca2f60714b5d1ff045d98c214fa1f753c209d75c50669df3f52289217ea,False,manual-workout-library-line-art-v2.png
