asset_id,source,before_sha256,after_sha256,changed
benchPress,manual-workout-quick-line-art-v2.png,3412e6a3be607b8c561d861fd00cbe48b07ec94084ff92cdcc421bf0dff1008a,3412e6a3be607b8c561d861fd00cbe48b07ec94084ff92cdcc421bf0dff1008a,False
shoulderPress,manual-workout-quick-line-art-v2.png,ea121e2bf5b16c54a6791cbf44abcd08f9b6ecf2d1f0065861d0e972058cc9aa,ea121e2bf5b16c54a6791cbf44abcd08f9b6ecf2d1f0065861d0e972058cc9aa,False
squat,manual-workout-quick-line-art-v2.png,5cb17d7496ec2763a3339f199bb7c9f44d2d79a896f866c26c8a2885270064ce,5cb17d7496ec2763a3339f199bb7c9f44d2d79a896f866c26c8a2885270064ce,False
pullUp,manual-workout-quick-line-art-v2.png,7e9b20e6242f19b0622488a283bcc6b91063ecaf07ab9198f94b70c527627be6,7e9b20e6242f19b0622488a283bcc6b91063ecaf07ab9198f94b70c527627be6,False
dip,manual-workout-quick-line-art-v2.png,d1fd5669361207b355c974efcdaa7e4340a12fcdc60b22823315e80394b1f931,d1fd5669361207b355c974efcdaa7e4340a12fcdc60b22823315e80394b1f931,False
latPulldown,manual-workout-quick-line-art-v2.png,70428db979bbba43c8fc28dc2fd88935842f40940fa079995ed0b69ba50e88c0,70428db979bbba43c8fc28dc2fd88935842f40940fa079995ed0b69ba50e88c0,False
seatedRow,manual-workout-quick-line-art-v2.png,03dcef97b490925a8ae684c4fbd22d595f47cd4aa6726922b63ce57148885565,03dcef97b490925a8ae684c4fbd22d595f47cd4aa6726922b63ce57148885565,False
legExtension,manual-workout-quick-line-art-v2.png,0e6759a9db4d34b0036289399e1b035cdbef34b734722760fa56df84783e954b,0e6759a9db4d34b0036289399e1b035cdbef34b734722760fa56df84783e954b,False
shoulder-flexion,overrides/audit-v3/shoulder-flexion.png,746de37b2797f2c41de8c2cf373085c35717a5afa8649818ce78ee241bf53563,755821bd6173ae82e30dafa91f0a5323c400d1191afea055fdb94df189061ac6,True
shoulder-scapular-squeeze,overrides/audit-v3/shoulder-scapular-squeeze.png,4634cd8235cead672d7d1ccca2a78c74d87de0fdff2e2f884249880fbf7c5776,ffb17ff8b2302e51b9be64571f94a9852ec0b99efdef89ee222d1e76911a2f2b,True
shoulder-external-rotation-band,overrides/audit-v3/shoulder-external-rotation-band.png,325a80ebf274ad2f7e5fc60d861796db9dcbc7fd97c46b06a1536cdb9211d0e1,96ba01930d681f24e93369b575e02a949968b405126054ade39865140e811a9d,True
shoulder-standing-arm-swings,manual-workout-library-line-art-v2.png,1af6535e020d123fa924a1b74c13cc6596a584b432a6c763e5e0997e14a36241,1af6535e020d123fa924a1b74c13cc6596a584b432a6c763e5e0997e14a36241,False
shoulder-internal-rotation-band,overrides/audit-v3/shoulder-internal-rotation-band.png,630023c28c574f2aa9c27a1ca0ebde6f318b99371fce5bf954b7c43c7ab9cfc8,0212b9dc50b3cd841e338e2ae412edc22aba46d9f9d3a7f77ffb7b93e6d2b350,True
hip-flexion-seated,manual-workout-library-line-art-v2.png,3faf1c477e652804e6d9d4a4522037154d819707c41760712f838e6ea9e54353,3faf1c477e652804e6d9d4a4522037154d819707c41760712f838e6ea9e54353,False
hip-abduction,manual-workout-library-line-art-v2.png,2f8f73884f93289810384c1455ec0cfdcb09d292e6e568529a57c0e2d2e6a829,2f8f73884f93289810384c1455ec0cfdcb09d292e6e568529a57c0e2d2e6a829,False
glute-bridge,overrides/audit-v3/glute-bridge.png,5fd8def7472951d16573ad0b07be4992fcd9d48593a970925ebb357d41637ed7,dccd574c307c113a728ac3e2d557378df4e9f2d17444455dbb0f544f951c4059,True
hip-clamshell,manual-workout-library-line-art-v2.png,d9efea75afe3aebc27d44d2f4d0d2773b0415be4a80fcbf4dff49a95c7256c92,d9efea75afe3aebc27d44d2f4d0d2773b0415be4a80fcbf4dff49a95c7256c92,False
hip-sit-to-stand,manual-workout-library-line-art-v2.png,4cd39a9730ae8d8b2b14a5174dc84d531e3bdd1d8ac85d15b564298481837092,4cd39a9730ae8d8b2b14a5174dc84d531e3bdd1d8ac85d15b564298481837092,False
shoulder-wall-slide,manual-workout-library-line-art-v2.png,48e420a8674a42b30b08adae019279fe346be9a58247c870b537ec4a47ea0d58,48e420a8674a42b30b08adae019279fe346be9a58247c870b537ec4a47ea0d58,False
shoulder-neck-chin-tuck,manual-workout-library-line-art-v2.png,5008b1918722a1265cad4b37a1095f49eebfb85ff73f9826d39abd0b3bd95fae,5008b1918722a1265cad4b37a1095f49eebfb85ff73f9826d39abd0b3bd95fae,False
neck-isometric,manual-workout-library-line-art-v2.png,1729b4f50962e315779d100ff7038e2889e5f43cd5e70ee360d379a577b6ee2d,1729b4f50962e315779d100ff7038e2889e5f43cd5e70ee360d379a577b6ee2d,False
upper-trap-stretch,manual-workout-library-line-art-v2.png,199e944e5223165b91b31783d5553b046b8759fbeb1b4e47be69a805532d1c31,199e944e5223165b91b31783d5553b046b8759fbeb1b4e47be69a805532d1c31,False
pec-doorway-stretch,manual-workout-library-line-art-v2.png,a50bd2bef7ba6ebf330f9934fca8c200668e8d3d537dd56bd38db7bc7a379307,a50bd2bef7ba6ebf330f9934fca8c200668e8d3d537dd56bd38db7bc7a379307,False
neck-heat-relax,manual-workout-library-line-art-v2.png,02e64087f12de69251ccd61edd7b9d1c6ee397cac79ceaff1a16830b5938a0ba,02e64087f12de69251ccd61edd7b9d1c6ee397cac79ceaff1a16830b5938a0ba,False
neck-rotation-stretch,manual-workout-library-line-art-v2.png,b47569c66b7d6f010375b6f79616d129d73df8d737a74c0042ee693ca1d8e78b,b47569c66b7d6f010375b6f79616d129d73df8d737a74c0042ee693ca1d8e78b,False
neck-wall-posture,manual-workout-library-line-art-v2.png,43609c07e0fed889b766af023a014effef93f88c750be7fb02fb8d0056e306ad,43609c07e0fed889b766af023a014effef93f88c750be7fb02fb8d0056e306ad,False
shoulder-neck-thoracic-extension-chair,overrides/audit-v3/shoulder-neck-thoracic-extension-chair.png,05d89dd150c693c8659ba71fa3fdc47406c35f1134aca5fb499cfd914f755be8,f12f92b80b38438f4edde9b0d33d750137c3edcc78d802c14a772085c12f8ed2,True
shoulder-neck-band-row-low,manual-workout-library-line-art-v2.png,65b0eeaa3cd3a62cdf1e66655536d712d950bf9884785b055fc8abdda96d53f8,65b0eeaa3cd3a62cdf1e66655536d712d950bf9884785b055fc8abdda96d53f8,False
shoulder-neck-serratus-wall-push,manual-workout-library-line-art-v2.png,57698e61406acf707dd946c9aa83a0a85a70cedbe2706fb974c95b06b6faa1f0,57698e61406acf707dd946c9aa83a0a85a70cedbe2706fb974c95b06b6faa1f0,False
knee-rice-care,manual-workout-library-line-art-v2.png,d95b7514dfc0cbe36df701528ad7cd01ba6016e2a3c3fd7e5ce1560493db9eed,d95b7514dfc0cbe36df701528ad7cd01ba6016e2a3c3fd7e5ce1560493db9eed,False
knee-straight-leg-raise,overrides/audit-v3/knee-straight-leg-raise.png,68a0eaf2a61159f0afadf2936ca86668537506fe432bd5b4b6c304f80fe88ebd,9f6340ff1fb8aa5676a7a6636ed9317a240c7311389347a1e3ea657b299d2240,True
knee-wall-squat,manual-workout-library-line-art-v2.png,45de60a0bd7b0ffe7b80513202336fc453edf404ec3f042a6edfb7c231e03d75,45de60a0bd7b0ffe7b80513202336fc453edf404ec3f042a6edfb7c231e03d75,False
knee-hamstring-curl,manual-workout-library-line-art-v2.png,858631f0cc54e8a139c18d19e1c99ee4f96593ba628fa211410c8a10cb9a5051,858631f0cc54e8a139c18d19e1c99ee4f96593ba628fa211410c8a10cb9a5051,False
knee-calf-raise,manual-workout-library-line-art-v2.png,aea3c2471f6b4cac44cf2addb42fde47096672fbba38b41e068c29d46943136a,aea3c2471f6b4cac44cf2addb42fde47096672fbba38b41e068c29d46943136a,False
ankle-circles,manual-workout-library-line-art-v2.png,aef5092688c4cfd9595d114ab12a74484cbf2213975ee7bede15f569770c4c77,aef5092688c4cfd9595d114ab12a74484cbf2213975ee7bede15f569770c4c77,False
ankle-alphabet,manual-workout-library-line-art-v2.png,ed2985e1365f60701f9590e0befe790b3b3567b458d3dff21d27e426c3849916,ed2985e1365f60701f9590e0befe790b3b3567b458d3dff21d27e426c3849916,False
ankle-band-inversion-eversion,overrides/audit-v3/ankle-band-inversion-eversion.png,e14ff729cc9116f858d4bbd6b038706b2d1824086f24935f0539ae04e89c2172,2897128676bb6033d4f7c93150e03c5ef44619807262592a536a3719b00185b1,True
ankle-single-leg-stand,manual-workout-library-line-art-v2.png,b053bb2cf45ce8b9a342f98511ae053732080e32d408e486908332782bb94a3d,b053bb2cf45ce8b9a342f98511ae053732080e32d408e486908332782bb94a3d,False
ankle-calf-raise,manual-workout-library-line-art-v2.png,3488738d933ad3ccefb2ff558cf0ee72157c75f5554235a91a96de4eea19e1a3,3488738d933ad3ccefb2ff558cf0ee72157c75f5554235a91a96de4eea19e1a3,False
ankle-gastrocnemius-stretch,manual-workout-library-line-art-v2.png,f52e00908e5254644be1159dc0cd943a36ed8b33118136d31bdfe6763d3aeadf,f52e00908e5254644be1159dc0cd943a36ed8b33118136d31bdfe6763d3aeadf,False
ankle-soleus-stretch,manual-workout-library-line-art-v2.png,560797e8b6a6f54969fa9940971cf029388c71427e46062f8e8b6ffb87293d0f,560797e8b6a6f54969fa9940971cf029388c71427e46062f8e8b6ffb87293d0f,False
ankle-seated-soleus-raise,manual-workout-library-line-art-v2.png,2207a88e7ff723de0a4494c5b00213e9d18518fca9b6066170bc6fb43ad88385,2207a88e7ff723de0a4494c5b00213e9d18518fca9b6066170bc6fb43ad88385,False
ankle-single-leg-reach,manual-workout-library-line-art-v2.png,722ffca2f60714b5d1ff045d98c214fa1f753c209d75c50669df3f52289217ea,722ffca2f60714b5d1ff045d98c214fa1f753c209d75c50669df3f52289217ea,False
